"NU_ANO_CENSO";"CO_MUNICIPIO_IES";"nome_municipio";"IN_CAPITAL_IES";"TP_ORGANIZACAO_ACADEMICA";"TP_REDE";"TP_CATEGORIA_ADMINISTRATIVA";"IN_COMUNITARIA";"IN_CONFESSIONAL";"NO_MANTENEDORA";"CO_MANTENEDORA";"CO_IES";"NO_IES";"SG_IES";"DS_ENDERECO_IES";"DS_NUMERO_ENDERECO_IES";"DS_COMPLEMENTO_ENDERECO_IES";"NO_BAIRRO_IES";"NU_CEP_IES";"QT_TEC_TOTAL";"QT_TEC_FUNDAMENTAL_INCOMP_FEM";"QT_TEC_FUNDAMENTAL_INCOMP_MASC";"QT_TEC_FUNDAMENTAL_COMP_FEM";"QT_TEC_FUNDAMENTAL_COMP_MASC";"QT_TEC_MEDIO_FEM";"QT_TEC_MEDIO_MASC";"QT_TEC_SUPERIOR_FEM";"QT_TEC_SUPERIOR_MASC";"QT_TEC_ESPECIALIZACAO_FEM";"QT_TEC_ESPECIALIZACAO_MASC";"QT_TEC_MESTRADO_FEM";"QT_TEC_MESTRADO_MASC";"QT_TEC_DOUTORADO_FEM";"QT_TEC_DOUTORADO_MASC";"IN_ACESSO_PORTAL_CAPES";"IN_ACESSO_OUTRAS_BASES";"IN_ASSINA_OUTRA_BASE";"IN_REPOSITORIO_INSTITUCIONAL";"IN_BUSCA_INTEGRADA";"IN_SERVICO_INTERNET";"IN_PARTICIPA_REDE_SOCIAL";"IN_CATALOGO_ONLINE";"QT_PERIODICO_ELETRONICO";"QT_LIVRO_ELETRONICO";"QT_DOC_TOTAL";"QT_DOC_EXE";"QT_DOC_EX_FEMI";"QT_DOC_EX_MASC";"QT_DOC_EX_SEM_GRAD";"QT_DOC_EX_GRAD";"QT_DOC_EX_ESP";"QT_DOC_EX_MEST";"QT_DOC_EX_DOUT";"QT_DOC_EX_INT";"QT_DOC_EX_INT_DE";"QT_DOC_EX_INT_SEM_DE";"QT_DOC_EX_PARC";"QT_DOC_EX_HOR";"QT_DOC_EX_0_29";"QT_DOC_EX_30_34";"QT_DOC_EX_35_39";"QT_DOC_EX_40_44";"QT_DOC_EX_45_49";"QT_DOC_EX_50_54";"QT_DOC_EX_55_59";"QT_DOC_EX_60_MAIS";"QT_DOC_EX_BRANCA";"QT_DOC_EX_PRETA";"QT_DOC_EX_PARDA";"QT_DOC_EX_AMARELA";"QT_DOC_EX_INDIGENA";"QT_DOC_EX_COR_ND";"QT_DOC_EX_BRA";"QT_DOC_EX_EST";"QT_DOC_EX_COM_DEFICIENCIA"
"2023";"5300108";"Brasília";"1";"1";"1";"1";"0";"0";"FUNDACAO UNIVERSIDADE DE BRASILIA";"2";"2";"UNIVERSIDADE DE BRASÍLIA";"UNB";"Campus Universitário Darcy Ribeiro";"s/n";"-";"Asa Norte";"70910900";"        2906";"           0";"           0";"           2";"          24";"         100";"         118";"         177";"         225";"         746";"         704";"         386";"         265";"          93";"          66";"1";"0";"1";"1";"1";"1";"1";"1";"         441";"       13095";"        3120";"        2801";"        1288";"        1513";"           0";"           9";"          18";"         224";"        2550";"        2647";"        2323";"         324";"         154";"           0";"          44";"         146";"         335";"         500";"         482";"         369";"         377";"         548";"        1958";"         109";"         625";"          66";"          11";"          32";"        2669";"         132";"          10"
"2023";"5300108";"Brasília";"1";"2";"2";"5";"0";"0";"CENTRO DE ENSINO UNIFICADO DE BRASILIA CEUB";"277";"402";"CENTRO UNIVERSITÁRIO DE BRASÍLIA";"UNICEUB";"Eqn 707 907 Conjunto C";"S/N";"Campus do CEUB";"Asa Norte";"70790075";"         359";"           0";"           0";"           0";"           0";"          47";"          51";"          80";"          73";"          60";"          39";"           5";"           4";"           0";"           0";"1";"0";"1";"1";"1";"1";"0";"1";"       19485";"       28429";"         756";"         751";"         332";"         419";"           0";"           0";"         176";"         335";"         240";"         147";"           0";"         147";"         291";"         313";"          12";"          88";"         108";"         124";"         137";"         102";"          83";"          97";"         499";"          20";"         191";"           2";"           3";"          36";"         747";"           4";"           7"
"2023";"5300108";"Brasília";"1";"1";"2";"5";"1";"1";"UNIAO BRASILEIRA DE EDUCACAO CATOLICA";"278";"403";"UNIVERSIDADE CATÓLICA DE BRASÍLIA";"UCB";"QS 07, EPCT";"LOTE 01";"Universidade Católica de Brasília";"Areal (Águas Claras)";"71966900";"         493";"           5";"           6";"           8";"          12";"         100";"          73";"         132";"          87";"          45";"          17";"           5";"           1";"           2";"           0";"1";"0";"1";"1";"0";"1";"1";"1";"        2383";"       13156";"         444";"         420";"         207";"         213";"           0";"           0";"          97";"         170";"         153";"         135";"           0";"         135";"         244";"          41";"          13";"          46";"          69";"          92";"          68";"          66";"          24";"          42";"         155";"           4";"         182";"           1";"           0";"          78";"         417";"           3";"           1"
"2023";"5300108";"Brasília";"1";"3";"2";"5";"0";"0";"UNIAO PIONEIRA DE INTEGRACAO SOCIAL";"279";"404";"FACULDADES INTEGRADAS DA UPIS";"UPIS";"SEPS EQ 712/912";"S/N";"CONJUNTO ""A""";"ASA SUL";"70390125";"          66";"           0";"           4";"           2";"           4";"           6";"           4";"          21";"          14";"           4";"           6";"           0";"           1";"           0";"           0";"0";"0";"1";"1";"1";"1";"1";"1";"           0";"       15322";"         121";"          97";"          32";"          65";"           0";"           0";"          33";"          45";"          19";"           3";"           0";"           3";"          25";"          69";"           2";"          12";"           7";"          15";"          14";"          13";"          14";"          20";"          56";"           5";"          35";"           1";"           0";"           0";"          96";"           1";"           0"
"2023";"5300108";"Brasília";"1";"2";"2";"4";"0";"0";"CENTRO DE ENSINO UNIFICADO DO DISTRITO FEDERAL LTDA";"359";"518";"CENTRO UNIVERSITÁRIO DO DISTRITO FEDERAL";"UDF";"SEP - SUL EQ 704 / 904 Conjunto A";"S/N";"Conjunto A";"Asa Sul";"70390045";"         126";"           0";"           2";"           1";"           1";"          34";"          30";"          35";"          10";"           8";"           4";"           0";"           1";"           0";"           0";"0";"0";"1";"1";"1";"1";"0";"1";"       15043";"       31907";"         325";"         322";"         164";"         158";"           0";"           0";"          21";"         181";"         120";"          65";"           0";"          65";"         160";"          97";"          16";"          56";"          67";"          75";"          40";"          31";"          21";"          16";"         175";"          11";"          72";"           4";"           0";"          60";"         319";"           3";"           8"
"2023";"5300108";"Brasília";"1";"3";"2";"5";"0";"0";"FUNDACAO BRASILEIRA DE TEATRO";"470";"706";"FACULDADE DE ARTES DULCINA DE MORAES";"FADM";"Sds Bl C";"30/64";"EDIFICIO FBT";"ASA SUL";"70392902";"           8";"           0";"           0";"           0";"           0";"           0";"           2";"           1";"           1";"           2";"           1";"           0";"           1";"           0";"           0";"0";"0";"1";"0";"1";"1";"1";"0";"          10";"          10";"          12";"           9";"           4";"           5";"           0";"           0";"           7";"           1";"           1";"           0";"           0";"           0";"           0";"           9";"           0";"           2";"           0";"           2";"           0";"           1";"           2";"           2";"           3";"           0";"           2";"           0";"           0";"           4";"           9";"           0";"           0"
"2023";"5212501";"Luziânia";"0";"2";"2";"4";"0";"0";"UNIDESC LTDA";"17143";"826";"CENTRO UNIVERSITÁRIO DE DESENVOLVIMENTO DO CENTRO OESTE";"UNIDESC";"Rodovia BR-040, KM 16";"s/n";"-";"Jardim Flamboyant";"72852580";"         103";"           1";"           1";"           4";"           6";"          30";"          28";"           7";"           9";"          10";"           3";"           2";"           2";"           0";"           0";"1";"0";"1";"1";"1";"1";"1";"1";"         975";"       15323";"          68";"          68";"          35";"          33";"           0";"           0";"           9";"          38";"          21";"          18";"           0";"          18";"          46";"           4";"           2";"           5";"          16";"          12";"          13";"           8";"           6";"           6";"          28";"           3";"          12";"           0";"           0";"          25";"          68";"           0";"           0"
"2023";"3170404";"Unaí";"0";"3";"2";"5";"0";"0";"ASSOCIACAO DE ENSINO E PESQUISA DE UNAI AEPU";"716";"1019";"FACULDADE DE CIÊNCIAS E TECNOLOGIA DE UNAÍ - FACTU";"FACTU";"Rua Rua Eduardo Rodrigues Barbosa";"180";"-";"Centro";"38610061";"          39";"           2";"           2";"           3";"           2";"           8";"           5";"           3";"           1";"           4";"           1";"           3";"           2";"           2";"           1";"0";"0";"0";"1";"1";"1";"1";"1";"           0";"       12000";"          38";"          38";"          15";"          23";"           0";"           0";"          13";"          18";"           7";"           9";"           8";"           1";"          17";"          12";"           1";"           5";"           6";"           9";"           4";"           6";"           7";"           0";"          23";"           0";"           8";"           1";"           0";"           6";"          38";"           0";"           0"
"2023";"5300108";"Brasília";"1";"2";"2";"4";"0";"0";"CESB - CENTRO DE EDUCACAO SUPERIOR DE BRASILIA LTDA";"740";"1060";"CENTRO UNIVERSITÁRIO DO INSTITUTO DE EDUCAÇÃO SUPERIOR DE BRASÍLIA - IESB";"IESB";"Quadra SGAN 609 Módulo D";"S/N";"Bloco D - Avenida L2 Norte";"Asa Norte";"70830404";"         380";"          10";"           9";"           7";"           8";"          85";"         104";"          51";"          55";"          25";"          20";"           1";"           1";"           2";"           2";"0";"0";"1";"0";"0";"1";"1";"1";"        7000";"       16000";"         332";"         318";"         120";"         198";"           0";"           0";"          57";"         159";"         102";"          67";"           1";"          66";"          59";"         192";"           1";"          29";"          43";"          66";"          63";"          48";"          26";"          42";"         177";"           7";"         133";"           1";"           0";"           0";"         314";"           4";"           1"
"2023";"3170404";"Unaí";"0";"3";"2";"5";"1";"0";"CAMPANHA NACIONAL DE ESCOLAS DA COMUNIDADE";"407";"1070";"FACULDADE CNEC UNAÍ";"";"Rua Celina Lisboa Frederico";"142";"-";"Centro";"38610000";"          10";"           0";"           0";"           1";"           0";"           0";"           1";"           2";"           0";"           2";"           1";"           0";"           3";"           0";"           0";"0";"0";"1";"1";"1";"1";"0";"0";"           0";"       10000";"           6";"           6";"           2";"           4";"           0";"           0";"           3";"           3";"           0";"           1";"           0";"           1";"           1";"           4";"           2";"           0";"           1";"           0";"           1";"           1";"           1";"           0";"           4";"           0";"           2";"           0";"           0";"           0";"           6";"           0";"           0"
"2023";"5300108";"Brasília";"1";"2";"2";"4";"0";"0";"INSTITUTO EURO-AMERICANO DE EDUCACAO, CIENCIA E TECNOLOGIA S.A.";"770";"1113";"CENTRO UNIVERSITÁRIO EURO-AMERICANO";"UNIEURO";"SCES Trecho 0 - Conjunto 5";"s/n";"Avenida das Nações Sul";"Asa Sul";"70200001";"         235";"           0";"           8";"           5";"           4";"          53";"          52";"          45";"          20";"          29";"          12";"           5";"           2";"           0";"           0";"1";"0";"1";"1";"1";"1";"0";"1";"       25302";"       15682";"         244";"         244";"         121";"         123";"           0";"           0";"          32";"         120";"          92";"         100";"           0";"         100";"         120";"          24";"           3";"          17";"          37";"          55";"          45";"          39";"          23";"          25";"         108";"           6";"          39";"           1";"           0";"          90";"         241";"           3";"           1"
"2023";"5300108";"Brasília";"1";"3";"2";"4";"0";"0";"ANHANGUERA EDUCACIONAL PARTICIPACOES S/A";"16452";"1173";"FACULDADE ANHANGUERA DE BRASÍLIA";"Anhanguera DF";"Quadra QS 1 Rua 210";"40";"FAB-Taguatinga Shopping";"Areal (Águas Claras)";"71950770";"         136";"           0";"           0";"           1";"           0";"          34";"          27";"          15";"          10";"          25";"          15";"           6";"           2";"           0";"           1";"0";"0";"1";"1";"0";"1";"1";"1";"       32908";"      263916";"         160";"         160";"          75";"          85";"           0";"           0";"          51";"          51";"          58";"          53";"           0";"          53";"          87";"          20";"           7";"          27";"          36";"          35";"          23";"          15";"           5";"          12";"         107";"           7";"          37";"           6";"           1";"           2";"         159";"           1";"           2"
"2023";"5221858";"Valparaíso de Goiás";"0";"3";"2";"4";"0";"0";"CENTRO EDUCACIONAL SUPERIOR TECNOLOGICO LTDA";"18650";"1402";"INSTITUTO DE CIÊNCIAS SOCIAIS E HUMANAS";"ICSH";"Rua 17, Quadra 47";"18 a 20";"(Quadras 36,37,47,48,58,59)";"Jardim Oriente";"72870215";"           3";"           0";"           0";"           1";"           0";"           1";"           0";"           1";"           0";"           0";"           0";"           0";"           0";"           0";"           0";"0";"0";"0";"0";"0";"1";"1";"0";"           6";"           1";"          11";"           7";"           6";"           1";"           0";"           0";"           6";"           1";"           0";"           0";"           0";"           0";"           7";"           0";"           0";"           0";"           0";"           2";"           1";"           2";"           2";"           0";"           6";"           0";"           1";"           0";"           0";"           0";"           7";"           0";"           0"
"2023";"5300108";"Brasília";"1";"2";"2";"4";"0";"0";"ASSOBES ENSINO SUPERIOR LTDA.";"519";"1446";"CENTRO UNIVERSITÁRIO PLANALTO DO DISTRITO FEDERAL - UNIPLAN";"UNIPLAN";"Avenida Pau Brasil";"02";"Campus de Águas Claras";"Sul (Águas Claras)";"71926000";"          71";"           2";"           2";"           1";"           2";"          14";"          17";"          20";"           7";"           4";"           2";"           0";"           0";"           0";"           0";"0";"0";"0";"1";"1";"1";"0";"1";"         450";"       23000";"         801";"         786";"         414";"         372";"           0";"           0";"         433";"         276";"          77";"         189";"           1";"         188";"         530";"          67";"         201";"         146";"         135";"         109";"          78";"          65";"          28";"          24";"         175";"          28";"         507";"           6";"           8";"          62";"         786";"           0";"           0"
"2023";"5300108";"Brasília";"1";"3";"2";"4";"0";"0";"ERICH FROMM INSTITUTO EDUCACIONAL LTDA";"18316";"1477";"FACULDADE ERICH FROMM";"FACEF";"Quadra QI 3";"1 a 4";"Avenida SANDU";"Setor Industrial (Taguatinga)";"72135030";"          27";"           0";"           0";"           3";"           3";"           3";"           3";"           3";"           2";"           6";"           4";"           0";"           0";"           0";"           0";"0";"0";"0";"0";"1";"1";"1";"1";"         100";"          10";"          20";"          20";"           6";"          14";"           0";"           0";"           1";"          13";"           6";"           0";"           0";"           0";"           0";"          20";"           0";"           0";"           4";"           3";"           3";"           1";"           2";"           7";"           5";"           1";"          10";"           0";"           0";"           4";"          20";"           0";"           0"
"2023";"5300108";"Brasília";"1";"2";"2";"5";"0";"0";"BCEC - BRASIL CENTRAL DE EDUCACAO E CULTURA LTDA";"1014";"1538";"CENTRO UNIVERSITARIO PROJEÇÃO";"UNIPROJEÇÃO";"Área Especial 5/6, Setor";"s/n";"UniProjeção - Campus Taguatinga";"Taguatinga";"72115700";"         490";"           7";"           5";"          14";"          11";"          89";"          74";"          82";"          64";"          22";"          25";"          33";"          43";"          11";"          10";"0";"0";"1";"1";"1";"1";"1";"1";"         534";"       13820";"          56";"          56";"          30";"          26";"           0";"           0";"           0";"          16";"          40";"           0";"           0";"           0";"          56";"           0";"           0";"           4";"          10";"          15";"          13";"           9";"           3";"           2";"          24";"           3";"          29";"           0";"           0";"           0";"          56";"           0";"           0"
"2023";"5221858";"Valparaíso de Goiás";"0";"3";"2";"4";"0";"0";"CENTRO TECNOLOGICO DE EDUCACAO SENA AIRES LTDA";"1036";"1580";"FACULDADE DE CIÊNCIAS E EDUCAÇÃO SENA AIRES";"FACESA";"Rua Acre Quadra 2";"17/18";"-";"Chácaras  Anhanguera";"72870508";"          37";"           0";"           1";"           1";"           1";"           6";"           8";"           5";"           7";"           6";"           1";"           0";"           1";"           0";"           0";"1";"0";"1";"1";"1";"1";"1";"1";"           1";"        6500";"          29";"          29";"          14";"          15";"           0";"           0";"           0";"          11";"          18";"           6";"           0";"           6";"          21";"           2";"           0";"           4";"           3";"           4";"           6";"           2";"           5";"           5";"          17";"           1";"          10";"           0";"           0";"           1";"          29";"           0";"           0"
"2023";"5300108";"Brasília";"1";"2";"2";"4";"0";"0";"IESST - INSTITUTO DE ENSINO SUPERIOR SOCIAL E TECNOLOGICO";"1086";"1660";"CENTRO UNIVERSITÁRIO ESTÁCIO DE BRASÍLIA - ESTÁCIO BRASÍLIA";"ESTÁCIO BRASÍLIA";"CSG 09";"Lotes 15/16";"TAGUATINGA";"Taguatinga";"72035509";"         161";"           0";"           0";"           0";"           0";"           7";"          13";"          15";"           7";"          24";"          23";"          33";"          25";"           5";"           9";"0";"0";"1";"1";"0";"1";"0";"1";"       36000";"       25000";"         342";"         342";"         189";"         153";"           0";"           0";"          60";"         202";"          80";"         147";"           0";"         147";"          81";"         114";"          16";"          54";"          57";"          70";"          59";"          40";"          30";"          16";"          90";"          10";"          41";"           1";"           2";"         198";"         340";"           2";"           3"
"2023";"5300108";"Brasília";"1";"3";"2";"4";"0";"0";"GUATAG - SOCIEDADE DE ASSISTENCIA EDUCACIONAL LTDA";"14955";"1661";"Faculdade Projeção de Sobradinho";"FAPRO";"Quadra 2 Rua B";"s/n";"Faculdade Projeção de Sobradinho";"Setor Industrial (Sobradinho)";"73020020";"          92";"           0";"           0";"           0";"           0";"          14";"          10";"          15";"           3";"           7";"          10";"          12";"          15";"           3";"           3";"0";"0";"1";"1";"1";"1";"1";"1";"         534";"       13820";"          25";"          25";"          10";"          15";"           0";"           0";"           0";"           7";"          18";"           0";"           0";"           0";"          25";"           0";"           0";"           1";"           1";"           6";"           8";"           4";"           3";"           2";"           8";"           2";"          15";"           0";"           0";"           0";"          25";"           0";"           0"
"2023";"5206206";"Cristalina";"0";"3";"2";"4";"0";"0";"SOCIEDADE BRASILEIRA DE ENSINO E PESQUISA DE CRISTALINA LTDA";"1118";"1696";"FACULDADE SOBRESP DE CRISTALINA";"";"Rua Getúlio Vargas";"1.478";"-";"Centro";"73850000";"           9";"           0";"           0";"           0";"           0";"           2";"           1";"           4";"           0";"           0";"           0";"           1";"           1";"           0";"           0";"0";"0";"0";"1";"0";"1";"1";"1";"          80";"       10000";"          18";"          18";"          15";"           3";"           0";"           0";"           4";"           7";"           7";"           7";"           0";"           7";"          11";"           0";"           4";"           1";"           4";"           2";"           3";"           0";"           2";"           2";"          11";"           1";"           3";"           0";"           0";"           3";"          18";"           0";"           0"
"2023";"5300108";"Brasília";"1";"3";"2";"5";"0";"0";"CESCO - CENTRO DE ENSINO SUPERIOR DO CENTRO OESTE LTDA";"1151";"1739";"Faculdade Unibras Gama";"FACBRAS";"Área Especial 34";"s/n";"Lado Leste";"Setor Central (Gama)";"72405610";"          22";"           0";"           0";"           2";"           1";"           7";"           1";"           9";"           1";"           1";"           0";"           0";"           0";"           0";"           0";"1";"0";"1";"1";"1";"1";"1";"1";"       30000";"       30000";"          34";"          14";"          10";"           4";"           0";"           0";"           0";"           3";"          11";"          14";"           0";"          14";"           0";"           0";"           0";"           1";"           3";"           5";"           3";"           1";"           1";"           0";"           5";"           1";"           7";"           0";"           0";"           1";"          14";"           0";"           0"
"2023";"5300108";"Brasília";"1";"3";"2";"4";"0";"0";"ASSOCIACAO INTERNACIONAL DE EDUCACAO CONTINUADA - AIEC";"1180";"1779";"FACULDADE AIEC";"AIEC / FAAB";"SEPS 712/912, Conjunto A";"s/n";"UPIS, Campus 1, Bloco B, Térreo, Salas 5, 6 e 7";"Asa Sul";"70390125";"          41";"           0";"           0";"           0";"           0";"           1";"           2";"           4";"           0";"           6";"          10";"           5";"           5";"           2";"           6";"0";"0";"1";"0";"1";"1";"1";"0";"        5000";"        7000";"          19";"          19";"           3";"          16";"           0";"           0";"           4";"          12";"           3";"           1";"           0";"           1";"           2";"          16";"           0";"           0";"           1";"           2";"           1";"           3";"           4";"           8";"          16";"           0";"           3";"           0";"           0";"           0";"          19";"           0";"           0"
"2023";"5300108";"Brasília";"1";"3";"2";"4";"0";"0";"UNIAO BRASILIENSE DE ENSINO SUPERIOR E PESQUISA EIRELI - EPP";"1291";"1966";"FACULDADE ALBERT EINSTEIN";"FALBE";"Sgas 905 Conjunto B/Parte";"s/n";"Bloco 5, 1º e 2º Pavimentos";"Plano Piloto";"70390050";"          10";"           0";"           0";"           0";"           0";"           1";"           1";"           1";"           2";"           1";"           1";"           1";"           1";"           0";"           1";"1";"0";"1";"1";"0";"1";"1";"0";"         460";"         865";"          14";"          14";"           3";"          11";"           0";"           0";"           0";"           7";"           7";"           0";"           0";"           0";"           4";"          10";"           0";"           0";"           1";"           1";"           1";"           4";"           5";"           2";"           9";"           1";"           3";"           0";"           0";"           1";"          13";"           1";"           0"
"2023";"5208004";"Formosa";"0";"3";"2";"4";"0";"0";"CENTRO DE ESTUDOS OCTAVIO DIAS FORMOSA LTDA";"15817";"2266";"FACULDADE UNIÃO DE GOYAZES FORMOSA";"FUG";"Rua Manoel Alves Ferreira";"404";"Bloco I";"Centro";"73801250";"           6";"           0";"           0";"           0";"           0";"           2";"           0";"           2";"           1";"           1";"           0";"           0";"           0";"           0";"           0";"0";"0";"0";"0";"0";"0";"0";"0";"           0";"           0";"           2";"           2";"           1";"           1";"           0";"           0";"           2";"           0";"           0";"           1";"           0";"           1";"           1";"           0";"           0";"           0";"           0";"           1";"           0";"           0";"           0";"           1";"           0";"           0";"           2";"           0";"           0";"           0";"           2";"           0";"           0"
"2023";"5300108";"Brasília";"1";"2";"2";"5";"0";"0";"ASSOCIACAO EDUCACIONAL DOS TRABALHADORES DE BRASILIA";"14143";"2484";"Centro Universitário Processus";"UNIPROCESSUS";"Quadra SEPS 708/907";"S/N";"-";"Asa Sul";"70390079";"         111";"           4";"           7";"           5";"           3";"          29";"          19";"          17";"          26";"           1";"           0";"           0";"           0";"           0";"           0";"1";"0";"1";"0";"1";"1";"1";"1";"          14";"       12500";"          65";"          65";"          22";"          43";"           0";"           0";"          11";"          38";"          16";"          14";"           0";"          14";"          51";"           0";"           1";"           0";"           6";"          20";"          14";"           7";"           6";"          11";"          36";"           2";"          24";"           0";"           0";"           3";"          64";"           1";"           1"
"2023";"5221858";"Valparaíso de Goiás";"0";"3";"2";"4";"0";"0";"ANHANGUERA EDUCACIONAL PARTICIPACOES S/A";"16452";"2756";"FACULDADE ANHANGUERA DE VALPARAÍSO";"";"Quadra Quadra 5";"S/N";"Lotes 1 e 3";"Parque Rio Branco";"72870105";"          38";"           0";"           0";"           1";"           0";"           6";"           7";"           9";"           1";"           3";"           7";"           2";"           1";"           1";"           0";"0";"0";"1";"1";"0";"1";"1";"1";"       32908";"      263916";"         117";"         117";"          57";"          60";"           0";"           0";"          42";"          26";"          49";"          17";"           0";"          17";"          68";"          32";"          11";"          26";"          20";"          26";"          15";"           4";"           6";"           9";"          67";"           7";"          37";"           4";"           0";"           2";"         117";"           0";"           2"
"2023";"5300108";"Brasília";"1";"3";"2";"4";"0";"0";"CENTRO EDUCACIONAL DE ENSINO SUPERIOR DE BRASILIA";"17175";"2948";"REAL FACULDADE DE BRASÍLIA";"FU";"Rua A";"-";"Unidade SEDE";"Residencial Sandray (Planaltina)";"73366053";"           2";"           0";"           0";"           0";"           0";"           1";"           1";"           0";"           0";"           0";"           0";"           0";"           0";"           0";"           0";"0";"0";"1";"0";"0";"1";"1";"0";"          50";"        2800";"          22";"          22";"           9";"          13";"           0";"           0";"          18";"           4";"           0";"           1";"           0";"           1";"           0";"          21";"           2";"           0";"           3";"           4";"           5";"           4";"           3";"           1";"           1";"           0";"           3";"           0";"           0";"          18";"          22";"           0";"           0"
"2023";"5300108";"Brasília";"1";"3";"2";"5";"0";"0";"UNESBA - UNIAO DE ENSINO SUPERIOR DE BRASILIA LTDA";"1921";"2964";"FACULDADE PROJEÇÃO DO GUARÁ";"";"Área Especial n°10 Lote C";"s/n";"Região Administrativa X";"Guará II";"71070703";"          50";"           0";"           0";"           0";"           1";"           5";"           8";"           8";"          12";"           0";"           1";"           7";"           7";"           0";"           1";"0";"0";"1";"1";"1";"1";"1";"1";"         534";"       13820";"          20";"          20";"           7";"          13";"           0";"           0";"           0";"           6";"          14";"           0";"           0";"           0";"          20";"           0";"           0";"           1";"           1";"           5";"           8";"           1";"           1";"           3";"           7";"           1";"          12";"           0";"           0";"           0";"          20";"           0";"           0"
"2023";"5300108";"Brasília";"1";"3";"2";"4";"0";"0";"UNIAO BRASILIENSE DE ENSINO SUPERIOR E PESQUISA EIRELI - EPP";"1291";"3203";"INSTITUTO SUPERIOR DE EDUCAÇÃO ALBERT EINSTEIN";"ISALBE";"SGAS 905 Conjunto B/Parte";"s/n";"Bloco 5, 1º e 2º Pavimentos";"Plano Piloto";"70390050";"          10";"           0";"           0";"           0";"           0";"           1";"           1";"           1";"           2";"           1";"           1";"           1";"           1";"           0";"           1";"1";"0";"1";"0";"0";"1";"1";"0";"         435";"         845";"           8";"           8";"           1";"           7";"           0";"           0";"           0";"           3";"           5";"           1";"           1";"           0";"           0";"           7";"           0";"           0";"           0";"           2";"           0";"           3";"           2";"           1";"           5";"           0";"           3";"           0";"           0";"           0";"           8";"           0";"           0"
"2023";"5300108";"Brasília";"1";"2";"2";"4";"0";"0";"SANTANA INSTITUTO DE EDUCACAO SUPERIOR EIRELI";"2148";"3396";"Centro Universitário LS";"UNILS";"Quadra Setor D Sul";"Lote 05";"Faculdade LS -";"Taguatinga Sul (Taguatinga)";"72020111";"         169";"           1";"           4";"           3";"           1";"          16";"          19";"          18";"           4";"          25";"          24";"          19";"          21";"           9";"           5";"0";"0";"1";"1";"1";"1";"1";"1";"         210";"       22357";"          53";"          53";"          20";"          33";"           0";"           0";"           0";"          39";"          14";"          15";"           0";"          15";"          38";"           0";"           3";"           7";"          10";"          13";"          10";"           6";"           1";"           3";"          25";"           1";"          13";"           2";"           0";"          12";"          53";"           0";"           0"
"2023";"5300108";"Brasília";"1";"3";"2";"5";"0";"0";"JUNTA ADMINISTRATIVA DA FACULDADE TEOLOGICA BATISTA DE BRASILIA";"2261";"3573";"FACULDADE TEOLÓGICA BATISTA DE BRASÍLIA";"FTBB";"Quadra SGAN 611 Módulo B";"s/n";"Região Administrativa I";"Asa Norte";"70830502";"          10";"           0";"           2";"           0";"           1";"           2";"           0";"           5";"           0";"           0";"           0";"           0";"           0";"           0";"           0";"0";"0";"0";"1";"1";"1";"1";"1";"          30";"         246";"           7";"           6";"           0";"           6";"           0";"           0";"           3";"           2";"           1";"           1";"           1";"           0";"           3";"           2";"           0";"           0";"           0";"           2";"           1";"           2";"           1";"           0";"           3";"           1";"           2";"           0";"           0";"           0";"           6";"           0";"           0"
"2023";"5300108";"Brasília";"1";"2";"2";"4";"0";"0";"UNICA EDUCACIONAL LTDA";"14675";"3610";"Centro Universitário ICESP";"Unicesp";"Quadra QS 5 Rua 300";"Lote 01";"UNIDADE SEDE";"Águas Claras";"71961540";"         117";"           4";"           1";"           3";"           7";"          27";"          24";"          27";"          16";"           2";"           0";"           2";"           2";"           1";"           1";"0";"0";"0";"1";"1";"1";"1";"1";"         975";"       15370";"          80";"          76";"          32";"          44";"           0";"           0";"          21";"          33";"          22";"          18";"           2";"          16";"          36";"          22";"           1";"           8";"           8";"          21";"          15";"           9";"           5";"           9";"          50";"           2";"          15";"           0";"           0";"           9";"          76";"           0";"           0"
"2023";"5208004";"Formosa";"0";"3";"2";"4";"0";"0";"SOCIEDADE DE ENSINO SUPERIOR FENIX LTDA - ME";"1045";"3613";"FACULDADES INTEGRADAS IESGO";"IESGO";"Avenida Brasília";"2001";"-";"Formosinha";"73813010";"          93";"           0";"           0";"           2";"           1";"           7";"           2";"          15";"           2";"          11";"          13";"          18";"          13";"           6";"           3";"0";"0";"1";"1";"1";"1";"1";"1";"           0";"       12572";"          36";"          36";"          21";"          15";"           0";"           0";"           0";"          25";"          11";"           8";"           0";"           8";"          28";"           0";"           2";"          12";"           5";"           9";"           4";"           2";"           2";"           0";"          22";"           2";"           7";"           0";"           0";"           5";"          36";"           0";"           0"
"2023";"5208608";"Goianésia";"0";"3";"2";"5";"0";"0";"ASSOCIACAO EDUCATIVA EVANGELICA";"267";"3789";"FACULDADE EVANGÉLICA DE GOIANÉSIA";"FACEG";"Av Avenida Brasil";"1000";"-";"Covoa";"76385608";"          27";"           0";"           0";"           0";"           0";"           7";"           2";"           9";"           1";"           7";"           0";"           1";"           0";"           0";"           0";"1";"0";"1";"1";"1";"1";"1";"0";"          36";"        9578";"          89";"          81";"          44";"          37";"           0";"           0";"          20";"          41";"          20";"          29";"           0";"          29";"          40";"          12";"           8";"          18";"          24";"          13";"           8";"           6";"           3";"           1";"          16";"           3";"          42";"           2";"           0";"          18";"          81";"           0";"           0"
"2023";"5300108";"Brasília";"1";"3";"2";"4";"0";"0";"SEI SISTEMA DE ENSINO IBRA EIRELI";"17843";"3854";"FACULDADE IBRA DE BRASÍLIA";"FACULDADE FABRAS";"CA 9";"07";"FACULDADE IBRA DE BRASILIA";"Setor de Habitações Individuais Norte";"71503507";"          82";"           0";"           0";"           5";"           2";"          27";"          16";"          13";"          13";"           3";"           0";"           2";"           0";"           0";"           1";"0";"0";"1";"1";"1";"1";"1";"1";"          20";"       10980";"          16";"          16";"           4";"          12";"           0";"           0";"           6";"          10";"           0";"          10";"           0";"          10";"           6";"           0";"           4";"           4";"           2";"           2";"           1";"           1";"           1";"           1";"           7";"           0";"           6";"           0";"           0";"           3";"          16";"           0";"           1"
"2023";"5300108";"Brasília";"1";"2";"2";"4";"0";"0";"INSTITUTO MAUA DE PESQUISA E EDUCACAO - ME";"2438";"3867";"CENTRO UNIVERSITÁRIO MAUÁ DE BRASÍLIA";"UNIMAUÁ";"Quadra Setor D Sul - Rua 4 - C";"12";"Colônia Agrícola Samambaia";"Taguatinga Sul (Taguatinga)";"72020111";"          29";"           0";"           0";"           0";"           1";"          14";"           5";"           3";"           2";"           1";"           3";"           0";"           0";"           0";"           0";"0";"0";"1";"1";"1";"1";"1";"0";"       15000";"       10000";"          38";"          25";"          11";"          14";"           0";"           0";"           8";"          12";"           5";"          14";"           8";"           6";"          10";"           1";"           2";"           5";"           3";"           3";"           5";"           4";"           1";"           2";"           8";"           4";"           5";"           0";"           0";"           8";"          25";"           0";"           0"
"2023";"5200258";"Águas Lindas de Goiás";"0";"3";"2";"4";"0";"0";"INSTITUTO DE ENSINO E PESQUISA DO PLANALTO CENTRAL LTDA - ME";"2445";"3877";"FACULDADE MAUÁ DE GOIÁS";"";"Quadra 8";"jul/16";"-";"Mansões Village";"72916224";"          70";"           0";"           0";"           0";"           0";"          16";"          17";"           4";"           2";"          14";"          15";"           1";"           1";"           0";"           0";"0";"0";"0";"1";"0";"1";"1";"0";"         259";"       15000";"          21";"          20";"           7";"          13";"           0";"           0";"          14";"           5";"           1";"           1";"           0";"           1";"          19";"           0";"           4";"           7";"           3";"           3";"           2";"           0";"           1";"           0";"           3";"           1";"           7";"           0";"           0";"           9";"          20";"           0";"           0"
"2023";"5300108";"Brasília";"1";"3";"2";"4";"0";"0";"SOCIEDADE EDUCACIONAL TECS CCI EIRELI";"17830";"3980";"FACULDADE CCI";"FAC CCI";"Quadra QN 401 - Conjunto D - Lote 3";"-";"FACULDADE CCI";"Samambaia Norte (Samambaia)";"72319504";"          11";"           0";"           0";"           0";"           0";"           1";"           1";"           3";"           3";"           0";"           2";"           0";"           1";"           0";"           0";"1";"0";"1";"1";"1";"1";"1";"1";"         135";"        5000";"          33";"          33";"          16";"          17";"           0";"           0";"          13";"          17";"           3";"          27";"           2";"          25";"           6";"           0";"           0";"           8";"           8";"           7";"           3";"           4";"           1";"           2";"           8";"           3";"          22";"           0";"           0";"           0";"          33";"           0";"           0"
"2023";"5300108";"Brasília";"1";"3";"2";"4";"0";"0";"SOEMOC - SOCIEDADE EDUCATIVA MOC LTDA";"1509";"4068";"FACULDADE ICESP";"ICESP";"Quadra QS 5 Rua 300";"01";"-";"Areal (Águas Claras)";"71961540";"         116";"           4";"           1";"           3";"           7";"          27";"          24";"          27";"          16";"           2";"           0";"           2";"           2";"           0";"           1";"0";"0";"0";"1";"1";"1";"1";"0";"         975";"       15370";"          55";"          53";"          26";"          27";"           0";"           0";"           5";"          28";"          20";"           5";"           0";"           5";"          32";"          16";"           2";"           1";"           4";"          17";"          10";"           6";"           5";"           8";"          31";"           0";"          16";"           0";"           0";"           6";"          53";"           0";"           0"
"2023";"5300108";"Brasília";"1";"3";"2";"4";"0";"0";"UNIAPOGEU CENTRO INTEGRADO DE EDUCACAO LTDA";"2910";"4588";"FACULDADE APOGEU";"APOGEU";"Área Especial 12";"0";"Lote D";"Setor Sul (Gama)";"72415520";"           8";"           0";"           0";"           1";"           2";"           1";"           2";"           1";"           1";"           0";"           0";"           0";"           0";"           0";"           0";"0";"0";"1";"0";"1";"1";"1";"0";"          15";"         150";"          12";"          12";"           5";"           7";"           0";"           0";"           0";"           9";"           3";"           0";"           0";"           0";"          12";"           0";"           0";"           0";"           3";"           2";"           3";"           3";"           1";"           0";"           7";"           0";"           5";"           0";"           0";"           0";"          12";"           0";"           0"
"2023";"5300108";"Brasília";"1";"3";"2";"5";"0";"0";"SENAC - SERVICO NACIONAL DE APRENDIZAGEM COMERCIAL - ADMINIS";"3022";"4732";"Faculdade de Tecnologia e Inovação Senac DF";"";"Quadra SEPS 713/913";"sn";"Asa Sul";"Asa Sul";"70390135";"          26";"           0";"           0";"           0";"           0";"           1";"           0";"           6";"           5";"          12";"           1";"           0";"           0";"           0";"           1";"0";"0";"1";"0";"1";"1";"0";"1";"        8983";"      214322";"          59";"          55";"          10";"          45";"           0";"           0";"          24";"          23";"           8";"           3";"           0";"           3";"          15";"          37";"           0";"           4";"           3";"          10";"          11";"          13";"           7";"           7";"          24";"           2";"          24";"           2";"           0";"           3";"          55";"           0";"           0"
"2023";"3170404";"Unaí";"0";"3";"2";"4";"0";"0";"ERA EDUCACIONAL LTDA";"18546";"4780";"FACULDADE DE CIÊNCIAS DA SAÚDE DE UNAÍ";"FACISA";"Avenida Governador Valadares - 371/1469 - ímpar";"1441";"-";"Centro";"38610016";"          50";"           0";"           0";"           4";"           0";"          10";"           1";"          10";"           1";"          14";"           4";"           2";"           3";"           0";"           1";"0";"0";"0";"1";"0";"1";"1";"1";"           0";"       16580";"          34";"          29";"          20";"           9";"           0";"           0";"          11";"          14";"           4";"           4";"           2";"           2";"          23";"           2";"           1";"           6";"           7";"           6";"           7";"           1";"           1";"           0";"           9";"           0";"          10";"           0";"           0";"          10";"          29";"           0";"           0"
"2023";"5300108";"Brasília";"1";"2";"2";"4";"0";"0";"UNIAO EDUCACIONAL DO PLANALTO CENTRAL S.A";"449";"5439";"CENTRO UNIVERSITÁRIO DO PLANALTO CENTRAL APPARECIDO DOS SANTOS";"UNICEPLAC";"Siga Área Especial No- 02";"s/n";"Região Administrativa II";"Setor Leste Gama";"72460000";"         150";"           0";"           1";"           0";"           0";"          40";"          25";"          26";"          27";"          21";"           8";"           1";"           1";"           0";"           0";"0";"0";"1";"1";"0";"1";"1";"1";"       26018";"       11982";"         338";"         338";"         173";"         165";"           0";"           0";"          62";"         173";"         103";"         108";"           0";"         108";"         222";"           8";"           5";"          50";"          53";"          68";"          61";"          43";"          24";"          34";"         114";"           6";"          81";"           1";"           0";"         136";"         335";"           3";"           0"
"2023";"5300108";"Brasília";"1";"3";"2";"4";"0";"0";"FACULDADE EVANGELICA DE TAGUATINGA LTDA - ME";"3478";"11895";"Faculdade Unibras Brasília";"FACBRAS";"Área Especial 1";"34";"Gama";"Setor Central (Gama)";"72405610";"          23";"           0";"           0";"           2";"           1";"           7";"           1";"           9";"           2";"           1";"           0";"           0";"           0";"           0";"           0";"1";"0";"1";"1";"1";"1";"1";"1";"       30000";"       30000";"          14";"           6";"           3";"           3";"           0";"           0";"           0";"           2";"           4";"           6";"           0";"           6";"           0";"           0";"           0";"           2";"           1";"           1";"           1";"           0";"           1";"           0";"           1";"           0";"           3";"           0";"           0";"           2";"           6";"           0";"           0"
"2023";"5300108";"Brasília";"1";"3";"2";"4";"0";"0";"INSTITUTO BRASILIENSE DE DIREITO PUBLICO IDP LTDA";"3552";"12247";"Instituto Brasileiro de Ensino, Desenvolvimento e Pesquisa de Brasília";"IDP-BSB";"SGAS 607";"49";"L2 Sul";"Asa Sul";"70200670";"         132";"           0";"           0";"           0";"           0";"          15";"          19";"          31";"          24";"          15";"           7";"           9";"           8";"           1";"           3";"1";"0";"1";"1";"1";"1";"1";"1";"       12732";"          58";"         157";"         155";"          51";"         104";"           0";"           0";"           1";"          62";"          92";"          24";"           9";"          15";"         107";"          24";"           4";"          31";"          27";"          42";"          21";"          16";"           5";"           9";"          93";"           4";"          33";"           2";"           0";"          23";"         152";"           3";"           0"
"2023";"5300108";"Brasília";"1";"3";"2";"5";"0";"0";"ASSOCIACAO DE ESTUDOS SUPERIORES SANTO TOMAS DE AQUINO - AESTA";"12227";"13014";"FACULDADE DE TEOLOGIA DA ARQUIDIOCESE DE BRASÍLIA";"FATEO";"SGAS Quadra 914, Conjunto B";"-";"-";"Asa Sul";"70390140";"          30";"           0";"           0";"           4";"           4";"           4";"           4";"           3";"           3";"           2";"           2";"           0";"           2";"           0";"           2";"0";"0";"0";"0";"0";"1";"0";"0";"           2";"           0";"          49";"          47";"           6";"          41";"           0";"           4";"          10";"          18";"          15";"           0";"           0";"           0";"          10";"          37";"           2";"           4";"           8";"           8";"           4";"           8";"           3";"          10";"          26";"           2";"           8";"           0";"           0";"          11";"          43";"           4";"           0"
"2023";"5300108";"Brasília";"1";"4";"1";"1";"0";"0";"INSTITUTO FEDERAL DE EDUCACAO, CIENCIA E TECNOLOGIA DE BRASILIA";"13489";"14408";"INSTITUTO FEDERAL DE EDUCAÇÃO, CIENCIA E TECNOLOGIA DE BRASILIA";"IFB";"Quadra SAUS Quadra 2, Bloco E (Ed. Siderbrás)";"S/N";"SUBSL 2 ANDAR 4-5-6-7-8-9 E 10";"Asa Sul";"70070020";"        1330";"           0";"           0";"           0";"           0";"           7";"          24";"          48";"          63";"         225";"         154";"         248";"         210";"         168";"         183";"1";"0";"1";"1";"0";"1";"1";"1";"          17";"       12397";"         479";"         459";"         232";"         227";"           0";"           3";"          36";"         178";"         242";"         440";"         389";"          51";"          15";"           4";"          10";"          49";"         115";"         111";"          77";"          47";"          30";"          20";"         246";"          26";"         134";"           2";"           0";"          51";"         457";"           2";"           2"
"2023";"5300108";"Brasília";"1";"3";"2";"4";"0";"0";"INSTITUTO DE EDUCACAO SUPERIOR HORIZONTE LTDA";"14259";"14882";"FACULDADE HORIZONTE";"FACHORIZONTE";"Quadra SGAS 909";"29";"SEDE 61 35430216";"Asa Sul";"70390090";"           7";"           0";"           0";"           0";"           1";"           0";"           0";"           2";"           0";"           4";"           0";"           0";"           0";"           0";"           0";"0";"0";"1";"1";"1";"1";"1";"0";"          21";"        3500";"          11";"          11";"           5";"           6";"           0";"           0";"           5";"           4";"           2";"           1";"           0";"           1";"           2";"           8";"           0";"           3";"           2";"           2";"           0";"           1";"           1";"           2";"           4";"           0";"           7";"           0";"           0";"           0";"          11";"           0";"           0"
"2023";"5300108";"Brasília";"1";"3";"1";"1";"0";"0";"POLICIA MILITAR DO DISTRITO FEDERAL";"15194";"16037";"Instituto Superior de Ciencias Policiais";"ISCP";"Setor SPO";"04";"-";"Setores Complementares";"70610200";"          14";"           0";"           0";"           0";"           0";"           0";"           0";"           0";"           5";"           3";"           6";"           0";"           0";"           0";"           0";"1";"0";"0";"1";"0";"1";"0";"1";"       38000";"       14000";"          41";"          24";"           2";"          22";"           0";"           2";"          17";"           2";"           3";"          24";"           1";"          23";"           0";"           0";"           0";"           2";"           9";"           6";"           6";"           1";"           0";"           0";"           7";"           3";"          13";"           0";"           0";"           1";"          24";"           0";"           0"
"2023";"5300108";"Brasília";"1";"3";"2";"5";"0";"0";"ASSOCIACAO NACIONAL DOS SERVIDORES PUBLICOS, DA PREVIDENCIA E DA SEGURIDADE SOCIAL - ANASPS";"15496";"16628";"Faculdade ANASPS";"FANASPS";"Quadra SCS Quadra 3";"Loja 74/78";"Bloco A";"Asa Sul";"70303000";"          15";"           0";"           0";"           0";"           0";"           1";"           2";"           0";"           2";"           6";"           2";"           1";"           1";"           0";"           0";"0";"0";"1";"1";"1";"1";"1";"0";"           0";"       15380";"          17";"          17";"           8";"           9";"           0";"           0";"           3";"          10";"           4";"           0";"           0";"           0";"           9";"           8";"           2";"           1";"           3";"           1";"           2";"           4";"           1";"           3";"           9";"           2";"           3";"           0";"           0";"           3";"          17";"           0";"           0"
"2023";"5300108";"Brasília";"1";"3";"2";"5";"0";"0";"INSTITUTO CNA";"15700";"17401";"Faculdade de Tecnologia CNA";"FATECNA";"Quadra SGAN 601 Módulo K";"S/N";"-";"Asa Norte";"70830021";"          22";"           0";"           0";"           0";"           0";"           2";"           1";"           4";"           5";"           2";"           3";"           3";"           1";"           1";"           0";"0";"0";"1";"0";"1";"1";"1";"1";"          19";"        2708";"          20";"          20";"           9";"          11";"           0";"           0";"           4";"           9";"           7";"           3";"           0";"           3";"           8";"           9";"           1";"           5";"           4";"           3";"           6";"           1";"           0";"           0";"          14";"           0";"           5";"           0";"           0";"           1";"          20";"           0";"           0"
"2023";"5215231";"Novo Gama";"0";"3";"2";"4";"0";"0";"CENTRO DE ENSINO SUPERIOR E PESQUISA LOGOS LTDA - CESPEL";"15718";"17559";"FACULDADE LOGOS";"FALOG";"Conjunto 01 HI Rua 1";"lotes 1 a 7";"Centro";"Núcleo Habitacional Novo Gama";"72860151";"           6";"           1";"           0";"           0";"           0";"           3";"           0";"           1";"           0";"           1";"           0";"           0";"           0";"           0";"           0";"0";"0";"1";"1";"0";"1";"1";"1";"         144";"       15324";"          15";"          15";"           7";"           8";"           0";"           0";"           0";"          10";"           5";"           4";"           4";"           0";"          11";"           0";"           1";"           3";"           4";"           1";"           1";"           4";"           1";"           0";"           5";"           2";"           8";"           0";"           0";"           0";"          15";"           0";"           0"
"2023";"5215603";"Padre Bernardo";"0";"3";"2";"5";"0";"0";"IGREJA EVANGELICA ASSEMBLEIA DE DEUS MINISTERIO RENOVE-SE-I.E.A.D.R.";"16131";"17651";"FACULDADE LIFE";"FACLIFE";"Rua São Francisco";"SN";"-";"Setor Divinópolis";"73700000";"          13";"           1";"           0";"           2";"           0";"           2";"           0";"           1";"           0";"           5";"           0";"           1";"           0";"           1";"           0";"0";"0";"0";"0";"1";"1";"1";"0";"         100";"          10";"           2";"           2";"           0";"           2";"           0";"           0";"           1";"           1";"           0";"           0";"           0";"           0";"           0";"           2";"           0";"           1";"           0";"           0";"           0";"           0";"           1";"           0";"           0";"           2";"           0";"           0";"           0";"           0";"           2";"           0";"           0"
"2023";"5300108";"Brasília";"1";"3";"2";"4";"0";"0";"NIMAB EDUCACIONAL LTDA";"18206";"18703";"ENSINO SUPERIOR ALBERT SABIN";"ESAS";"Super Center Venâncio 2000 - SCS Quadra 8 Bloco B Lotes 5060";"SN";"Ensino Superior Albert Sabin JK";"Asa Sul";"70333900";"           8";"           0";"           0";"           0";"           0";"           2";"           0";"           6";"           0";"           0";"           0";"           0";"           0";"           0";"           0";"0";"0";"1";"1";"1";"1";"0";"0";"        1778";"        7193";"          24";"          20";"          11";"           9";"           0";"           0";"           2";"           8";"          10";"          10";"           0";"          10";"           1";"           9";"           1";"           4";"           3";"           4";"           4";"           1";"           3";"           0";"          10";"           1";"           8";"           0";"           0";"           1";"          19";"           1";"           0"
"2023";"5200258";"Águas Lindas de Goiás";"0";"3";"2";"4";"0";"0";"INSTITUTO DE EDUCACAO E CULTURA AGUAS LINDAS S/C LTDA - ME";"16137";"18826";"Faculdade FILOS";"";"Quadra Quadra 71";"Lotes 26/31";"Av. Tiradentes  Bairro Jardim Pérola II";"Jardim Pérola da Barragem II";"72911262";"          10";"           0";"           0";"           1";"           0";"           2";"           3";"           2";"           0";"           0";"           0";"           0";"           2";"           0";"           0";"0";"0";"1";"1";"1";"1";"1";"0";"        1000";"        1000";"          36";"          25";"          11";"          14";"           0";"           0";"          20";"           5";"           0";"           1";"           0";"           1";"          12";"          12";"           5";"           4";"           1";"           6";"           4";"           3";"           0";"           2";"           3";"           1";"           8";"           0";"           0";"          13";"          25";"           0";"           0"
"2023";"5300108";"Brasília";"1";"3";"2";"4";"0";"0";"TAF INSTITUTO EDUCACIONAL LTDA - ME";"16207";"19219";"FACULDADE FASIPE DF";"FACDF";"Quadra QNN 1 Conjunto H";"04";"Sede";"Ceilândia Norte (Ceilândia)";"72225018";"           3";"           1";"           0";"           0";"           0";"           1";"           0";"           1";"           0";"           0";"           0";"           0";"           0";"           0";"           0";"0";"0";"1";"1";"0";"1";"1";"1";"         200";"       10000";"           5";"           5";"           1";"           4";"           0";"           0";"           2";"           2";"           1";"           0";"           0";"           0";"           5";"           0";"           0";"           1";"           0";"           0";"           2";"           1";"           1";"           0";"           4";"           0";"           1";"           0";"           0";"           0";"           5";"           0";"           0"
"2023";"5300108";"Brasília";"1";"3";"2";"5";"0";"0";"INSTITUTO PRESBITERIANO MACKENZIE";"22";"19229";"FACULDADE PRESBITERIANA MACKENZIE BRASILIA";"FPMB";"Quadra SGAS 906";"LOTES 8 E 9";"-";"Asa Sul";"70390060";"          16";"           0";"           0";"           0";"           0";"           3";"           3";"           3";"           3";"           2";"           1";"           0";"           0";"           0";"           1";"1";"0";"1";"1";"1";"1";"1";"0";"     1315128";"       31792";"          32";"          32";"          10";"          22";"           0";"           0";"           1";"          22";"           9";"           2";"           0";"           2";"           8";"          22";"           0";"           2";"           0";"           7";"           7";"          11";"           1";"           4";"          19";"           0";"           5";"           1";"           0";"           7";"          31";"           1";"           0"
"2023";"5300108";"Brasília";"1";"3";"2";"4";"0";"0";"ATAME EDUCACIONAL LTDA - EPP";"16146";"19281";"FACULDADE ATAME";"ATAME";"Quadra SEPN 513 Bloco D";"SN";"Edifício Imperador 38 ? Sala 301 a 308";"Asa Norte";"70760524";"           5";"           0";"           0";"           0";"           0";"           0";"           1";"           0";"           2";"           0";"           2";"           0";"           0";"           0";"           0";"0";"0";"0";"1";"1";"1";"1";"1";"        4256";"       12789";"           6";"           6";"           2";"           4";"           0";"           0";"           2";"           3";"           1";"           0";"           0";"           0";"           0";"           6";"           0";"           0";"           1";"           2";"           1";"           1";"           0";"           1";"           4";"           0";"           2";"           0";"           0";"           0";"           6";"           0";"           0"
"2023";"5300108";"Brasília";"1";"3";"2";"5";"0";"0";"FUNDACAO GETULIO VARGAS";"110";"19320";"Escola de Políticas Públicas e Governo da Fundação Getulio Vargas";"FGV EPPG";"Quadra SGAN 602";"602";"Av L2 Norte, Módulos A, B e C";"Asa Norte";"70830020";"          10";"           0";"           0";"           0";"           0";"           1";"           0";"           3";"           1";"           5";"           0";"           0";"           0";"           0";"           0";"1";"0";"1";"1";"1";"1";"0";"1";"         267";"       20950";"          40";"          34";"           7";"          27";"           0";"           0";"           0";"           5";"          29";"          21";"           0";"          21";"           3";"          10";"           0";"           3";"           6";"           3";"           5";"           6";"           3";"           8";"          21";"           0";"          10";"           1";"           0";"           2";"          33";"           1";"           0"
"2023";"5300108";"Brasília";"1";"3";"2";"4";"0";"0";"SER EDUCACIONAL S.A.";"1847";"19334";"Faculdade Uninassau Brasília";"Nassau Brasília";"Quadra QNM 34 Área Especial 1";"S/N";"Shopping JK";"Taguatinga Norte (Taguatinga)";"72145450";"          23";"           0";"           0";"           0";"           0";"           2";"           0";"          10";"           5";"           1";"           0";"           2";"           3";"           0";"           0";"1";"0";"1";"1";"0";"1";"0";"0";"      517000";"       29000";"          65";"          65";"          36";"          29";"           0";"           0";"          25";"          31";"           9";"          23";"           0";"          23";"          28";"          14";"          10";"          11";"          13";"           9";"          11";"           4";"           3";"           4";"          61";"           1";"           1";"           0";"           1";"           1";"          65";"           0";"           0"
"2023";"5300108";"Brasília";"1";"3";"2";"4";"0";"0";"ICONE INSTITUTO DE CONSULTORIA, CURSOS E EDUCACAO LTDA";"16224";"19348";"Faculdade de Tecnologia Ícone";"FACTI";"QNE 14";"18";"Sandu Norte";"Taguatinga";"72125140";"           2";"           0";"           0";"           0";"           0";"           0";"           0";"           0";"           0";"           1";"           1";"           0";"           0";"           0";"           0";"0";"0";"0";"1";"0";"0";"1";"0";"        3250";"        2350";"           2";"           2";"           0";"           2";"           0";"           0";"           2";"           0";"           0";"           0";"           0";"           0";"           0";"           2";"           1";"           0";"           0";"           1";"           0";"           0";"           0";"           0";"           1";"           0";"           1";"           0";"           0";"           0";"           2";"           0";"           0"
"2023";"5300108";"Brasília";"1";"3";"2";"5";"0";"0";"FUNDACAO REPUBLICANA BRASILEIRA";"16322";"19727";"Faculdade Republicana";"";"Quadra SEPS 713/913";"713/913";"Polo Sede";"Asa Sul";"70390135";"          14";"           0";"           0";"           0";"           0";"           4";"           1";"           4";"           1";"           2";"           2";"           0";"           0";"           0";"           0";"0";"0";"0";"0";"0";"1";"0";"0";"        6000";"           0";"          17";"          17";"           4";"          13";"           0";"           0";"           1";"          11";"           5";"           0";"           0";"           0";"           2";"          15";"           0";"           2";"           2";"           3";"           4";"           3";"           2";"           1";"           5";"           1";"           8";"           0";"           0";"           3";"          17";"           0";"           0"
"2023";"5221858";"Valparaíso de Goiás";"0";"3";"2";"4";"0";"0";"INMEC SOLUCOES ACADEMICAS LTDA";"18302";"19878";"FACULDADE CATEDRAL";"FacCATEDRAL";"Rua 11";"04";"Bravium";"Morada Nobre";"72870339";"          23";"           0";"           0";"           0";"           0";"           5";"           6";"           3";"           4";"           2";"           2";"           1";"           0";"           0";"           0";"0";"0";"1";"1";"1";"1";"0";"1";"         300";"        6231";"          12";"          12";"           8";"           4";"           0";"           0";"           3";"           7";"           2";"           2";"           0";"           2";"           7";"           3";"           2";"           1";"           1";"           1";"           5";"           2";"           0";"           0";"           4";"           2";"           5";"           0";"           0";"           1";"          12";"           0";"           0"
"2023";"5300108";"Brasília";"1";"3";"2";"5";"0";"0";"ASSOCIACAO EDUCACIONAL DE PATOS DE MINAS - AEPM";"1891";"19910";"Faculdades Planalto Central";"FPC";"Trecho SIA Trecho 8";"S/N";"Lote 70/80";"Zona Industrial (Guará)";"71205080";"          14";"           0";"           0";"           0";"           0";"           1";"           0";"           2";"           4";"           0";"           0";"           0";"           4";"           1";"           2";"0";"0";"1";"1";"1";"1";"0";"1";"         154";"       13000";"          14";"          14";"           8";"           6";"           0";"           0";"           3";"           8";"           3";"           1";"           0";"           1";"          10";"           3";"           2";"           3";"           2";"           1";"           3";"           2";"           1";"           0";"          12";"           0";"           1";"           1";"           0";"           0";"          14";"           0";"           0"
"2023";"5300108";"Brasília";"1";"3";"2";"5";"0";"0";"FUNDACAO EXPOSICAO BIBLICA";"16519";"21201";"FTRB - Faculdade Teológica Reformada de Brasília";"";"Quadra QS 5 Rua 100";"lote 04";"-";"Areal (Águas Claras)";"71963000";"           3";"           0";"           0";"           0";"           0";"           1";"           0";"           0";"           0";"           1";"           1";"           0";"           0";"           0";"           0";"0";"0";"0";"0";"1";"1";"1";"1";"           0";"           0";"           5";"           5";"           0";"           5";"           0";"           0";"           2";"           2";"           1";"           1";"           0";"           1";"           0";"           4";"           0";"           2";"           1";"           1";"           1";"           0";"           0";"           0";"           4";"           0";"           1";"           0";"           0";"           0";"           5";"           0";"           0"
"2023";"5300108";"Brasília";"1";"3";"2";"5";"0";"0";"CONVENCAO NAC ASS DE DEUS NO BRASIL MINIST MADUREIRA";"16568";"21446";"Instituto Superior da Convenção Nac. das Assembleias de Deus";"ISCON";"Quadra SEPS 710/910";"lt 33,34";"bloco B";"Asa Sul";"70390108";"          19";"           0";"           0";"           0";"           2";"           2";"           4";"           5";"           2";"           3";"           1";"           0";"           0";"           0";"           0";"0";"0";"1";"1";"1";"1";"1";"0";"         365";"       50000";"          29";"          26";"          11";"          15";"           0";"           0";"           7";"          11";"           8";"           3";"           0";"           3";"          23";"           0";"           0";"           1";"           6";"           4";"           7";"           6";"           1";"           1";"          11";"           4";"          10";"           0";"           0";"           1";"          26";"           0";"           1"
"2023";"5300108";"Brasília";"1";"3";"2";"4";"0";"0";"FACULDADE CERRADO EIRELI - ME";"16659";"21672";"Faculdade Cerrado";"FACE";"Quadra CSE 6";"32";"Sede";"Taguatinga Sul (Taguatinga)";"72025065";"          10";"           0";"           0";"           0";"           0";"           2";"           0";"           0";"           1";"           2";"           3";"           1";"           0";"           1";"           0";"0";"0";"0";"1";"1";"1";"0";"0";"           0";"       15000";"          18";"          18";"          10";"           8";"           0";"           0";"           3";"           7";"           8";"           0";"           0";"           0";"           0";"          18";"           0";"           1";"           1";"           4";"           5";"           1";"           3";"           3";"           5";"           0";"           8";"           0";"           0";"           5";"          18";"           0";"           0"
"2023";"5212501";"Luziânia";"0";"3";"2";"4";"0";"0";"CENTRO EDUCACIONAL BRASIL FUTURO LTDA - ME";"16785";"22017";"Faculdade Nossa Senhora Aparecida";"FNSA";"Rua Leolince";"12";"Quadra 160 Lote 12";"Parque Estrela Dalva II";"72820090";"          28";"           0";"           3";"           2";"           0";"           9";"           0";"           8";"           1";"           5";"           0";"           0";"           0";"           0";"           0";"0";"0";"1";"1";"0";"1";"0";"1";"         153";"         890";"           6";"           6";"           5";"           1";"           0";"           0";"           4";"           2";"           0";"           0";"           0";"           0";"           6";"           0";"           0";"           0";"           0";"           0";"           1";"           1";"           2";"           2";"           4";"           0";"           2";"           0";"           0";"           0";"           6";"           0";"           0"
"2023";"5212501";"Luziânia";"0";"3";"2";"4";"0";"0";"EDITORA E DISTRIBUIDORA EDUCACIONAL S/A";"14514";"22144";"Faculdade de Ciências Jurídicas de Luziânia";"";"Rua Bate Couro";"425";"-";"Rosário";"72812040";"           3";"           0";"           0";"           0";"           0";"           0";"           0";"           0";"           0";"           2";"           1";"           0";"           0";"           0";"           0";"0";"0";"1";"1";"0";"1";"1";"1";"       32908";"      263916";"          19";"          19";"           8";"          11";"           0";"           0";"           3";"           3";"          13";"           5";"           0";"           5";"          10";"           4";"           0";"           4";"           1";"           6";"           6";"           1";"           1";"           0";"          12";"           1";"           4";"           0";"           0";"           2";"          19";"           0";"           0"
"2023";"5300108";"Brasília";"1";"3";"2";"4";"0";"0";"UP10 EDUCACIONAL LTDA";"17348";"22326";"Faculdade Brasília";"FBr";"Avenida Santa Maria, Comércio Local 417";"Lote E";"Campus Principal";"Santa Maria";"72547240";"          45";"           0";"           0";"           2";"           1";"          10";"           6";"          10";"           7";"           4";"           1";"           1";"           3";"           0";"           0";"0";"0";"0";"1";"0";"1";"0";"0";"        1000";"       11000";"          44";"          41";"          19";"          22";"           0";"           0";"          16";"          20";"           5";"           5";"           5";"           0";"          36";"           0";"           1";"           6";"           7";"          11";"           6";"           3";"           4";"           3";"          18";"           0";"          17";"           0";"           0";"           6";"          41";"           0";"           0"
"2023";"5300108";"Brasília";"1";"3";"2";"4";"0";"0";"ISI - CURSOS SUPLETIVOS E PROFISSIONALIZANTES LTDA - ME";"16978";"22872";"Faculdade UNIABA";"FAC UNIABA";"Rua Jerivá";"4";"-";"Sul (Águas Claras)";"71928360";"           2";"           0";"           0";"           0";"           0";"           0";"           0";"           1";"           0";"           1";"           0";"           0";"           0";"           0";"           0";"0";"0";"1";"1";"1";"1";"1";"1";"       30000";"        1600";"          12";"          12";"           5";"           7";"           0";"           0";"           2";"           5";"           5";"           5";"           0";"           5";"           7";"           0";"           0";"           1";"           0";"           1";"           0";"           3";"           2";"           5";"           6";"           0";"           4";"           0";"           0";"           2";"          12";"           0";"           0"
"2023";"5300108";"Brasília";"1";"3";"2";"4";"0";"0";"IBMEC EDUCACIONAL LTDA.";"1223";"23097";"Faculdade Ibmec de Brasília";"Ibmec Brasília";"Quadra SIG Quadra 4";"4";"Ed Capital Financial Center";"Zona Industrial";"70610440";"          37";"           0";"           0";"           2";"           0";"           2";"           2";"           8";"           2";"           4";"           2";"           2";"           6";"           5";"           2";"0";"0";"1";"1";"0";"1";"0";"1";"       36000";"       25000";"           5";"           5";"           0";"           5";"           0";"           0";"           0";"           3";"           2";"           3";"           0";"           3";"           2";"           0";"           1";"           0";"           0";"           1";"           2";"           0";"           1";"           0";"           1";"           0";"           1";"           0";"           0";"           3";"           5";"           0";"           0"
"2023";"5208004";"Formosa";"0";"3";"2";"4";"0";"0";"INSTITUTO ITESP EIRELI";"17197";"23707";"FACULDADE DE TECNOLOGIA E EDUCAÇÃO SUPERIOR E PROFISSIONALIZ";"FATESP";"Rua Valdomiro de Miranda";"231";"Qd 35 Lt 01";"Centro";"73801610";"          10";"           5";"           0";"           0";"           0";"           1";"           0";"           4";"           0";"           0";"           0";"           0";"           0";"           0";"           0";"0";"0";"1";"0";"0";"1";"1";"0";"           0";"           0";"           1";"           1";"           0";"           1";"           0";"           0";"           0";"           0";"           1";"           0";"           0";"           0";"           1";"           0";"           0";"           0";"           0";"           0";"           0";"           1";"           0";"           0";"           1";"           0";"           0";"           0";"           0";"           0";"           1";"           0";"           0"
"2023";"5300108";"Brasília";"1";"3";"2";"5";"0";"0";"INSTITUTO DE EDUCACAO AVANCADA - IDEA";"17310";"23877";"INSIDE - Instituto Superior para Integração, Desenvolvimento e Educação";"INSIDE";"Quadra QS 5";"LOTE 4";"-";"Areal (Águas Claras)";"71955000";"           3";"           0";"           0";"           0";"           0";"           0";"           0";"           0";"           1";"           2";"           0";"           0";"           0";"           0";"           0";"0";"0";"0";"0";"0";"0";"0";"0";"          58";"         578";"          15";"          15";"           8";"           7";"           0";"           0";"           4";"           8";"           3";"           0";"           0";"           0";"          15";"           0";"           1";"           2";"           3";"           4";"           1";"           2";"           1";"           1";"           4";"           1";"          10";"           0";"           0";"           0";"          15";"           0";"           0"
"2023";"5300108";"Brasília";"1";"3";"2";"4";"0";"0";"INSTITUTO FACUMINAS EAD LTDA";"18100";"25133";"Faculdade de Minas EAD";"FACUMINAS";"Quadra CSG 9";"Q CS CSG 9";"Campus Principal";"Taguatinga Sul (Taguatinga)";"72035509";"         203";"           1";"           0";"           9";"           5";"         132";"          15";"          25";"           6";"           8";"           1";"           1";"           0";"           0";"           0";"0";"0";"1";"1";"1";"1";"1";"1";"          30";"        2500";"           5";"           5";"           3";"           2";"           0";"           0";"           0";"           4";"           1";"           0";"           0";"           0";"           1";"           4";"           2";"           0";"           0";"           1";"           0";"           1";"           0";"           1";"           2";"           0";"           2";"           0";"           0";"           1";"           5";"           0";"           0"
"2023";"5205497";"Cidade Ocidental";"0";"3";"2";"4";"0";"0";"CENTRO DE ENSINO SUPERIOR FRAGA LTDA";"17829";"25313";"Faculdade Fraga de Integração da Cultura Educação e Pesquisa";"FICEPE";"Quadra SQ 16 Quadra 2";"54";"Lt 54 (1°-4°pav) Lt 55(2°-4°pav), Lt 56(2ºpav)";"Centro";"72880590";"           6";"           0";"           0";"           0";"           0";"           1";"           0";"           1";"           1";"           2";"           1";"           0";"           0";"           0";"           0";"0";"0";"1";"1";"0";"1";"1";"1";"         100";"        1500";"           5";"           5";"           3";"           2";"           0";"           0";"           3";"           0";"           2";"           0";"           0";"           0";"           0";"           5";"           0";"           1";"           0";"           2";"           1";"           1";"           0";"           0";"           0";"           0";"           2";"           0";"           0";"           3";"           4";"           1";"           0"
"2023";"5300108";"Brasília";"1";"3";"2";"4";"0";"0";"FACULDADE GUERRA EDUCACAO SUPERIOR - EAD EIRELI";"17868";"25387";"Faculdade Guerra";"FAG";"Quadra QSA 7";"15 a 22";"-";"Taguatinga Sul (Taguatinga)";"72015070";"          10";"           0";"           0";"           1";"           0";"           1";"           0";"           0";"           1";"           0";"           5";"           1";"           0";"           0";"           1";"0";"0";"0";"1";"1";"1";"1";"1";"         230";"         580";"           8";"           8";"           2";"           6";"           0";"           1";"           3";"           4";"           0";"           2";"           2";"           0";"           6";"           0";"           0";"           2";"           3";"           2";"           0";"           1";"           0";"           0";"           3";"           0";"           2";"           0";"           0";"           3";"           8";"           0";"           0"
"2023";"5300108";"Brasília";"1";"3";"2";"4";"0";"0";"UNI-A EDUCACAO LTDA";"16879";"25774";"FACULDADE ANCLIVEPA BRASÍLIA";"";"SHT Projeção H - térreo - lojas 01 e 06";"S/N";"Sobrelojas - 01/02/03/04/05/06";"Taguatinga";"70390108";"           9";"           0";"           0";"           0";"           0";"           1";"           2";"           3";"           2";"           1";"           0";"           0";"           0";"           0";"           0";"0";"0";"1";"1";"1";"1";"1";"1";"          88";"       12000";"           8";"           8";"           6";"           2";"           0";"           0";"           1";"           2";"           5";"           0";"           0";"           0";"           8";"           0";"           2";"           1";"           1";"           3";"           1";"           0";"           0";"           0";"           4";"           1";"           2";"           0";"           0";"           1";"           8";"           0";"           0"
"2023";"5300108";"Brasília";"1";"3";"2";"4";"0";"0";"INSTITUTO ARIA LTDA";"18161";"26171";"Instituto Aria";"";"Quadra SGAS 610";"Bloco 02";"Conjunto F";"Asa Sul";"70200700";"           5";"           0";"           0";"           0";"           0";"           0";"           0";"           1";"           3";"           0";"           0";"           0";"           0";"           1";"           0";"1";"0";"1";"1";"1";"1";"1";"1";"          65";"          52";"           7";"           7";"           3";"           4";"           0";"           0";"           0";"           2";"           5";"           2";"           0";"           2";"           5";"           0";"           0";"           1";"           1";"           1";"           2";"           2";"           0";"           0";"           4";"           0";"           0";"           0";"           0";"           3";"           7";"           0";"           0"
"2023";"5300108";"Brasília";"1";"3";"2";"4";"0";"0";"EDICOES E PUBLICACOES CHARA LTDA";"18280";"26583";"Faculdade Comunidade das Nações";"FCN";"Trecho SIA Trecho 2";"LT 390/400";"Parte A";"Zona Industrial (Guará)";"71200020";"           4";"           0";"           0";"           0";"           0";"           0";"           1";"           1";"           2";"           0";"           0";"           0";"           0";"           0";"           0";"0";"0";"0";"0";"0";"1";"0";"0";"          82";"       13744";"           6";"           6";"           4";"           2";"           0";"           0";"           2";"           4";"           0";"           0";"           0";"           0";"           0";"           6";"           0";"           0";"           1";"           1";"           1";"           1";"           0";"           2";"           5";"           0";"           1";"           0";"           0";"           0";"           6";"           0";"           0"
"2023";"5300108";"Brasília";"1";"1";"1";"2";"0";"0";"UNIVERSIDADE DO DISTRITO FEDERAL PROFESSOR JORGE AMAURY MAIA NUNES - UNDF";"18343";"27103";"UNIVERSIDADE DO DISTRITO FEDERAL";"UnDF";"Parque Capital Digital Lote 4";"2º andar";"Granja do Torto";"Zona Industrial";"70635815";"         112";"           0";"           0";"           0";"           0";"           2";"           3";"          19";"          14";"          33";"          15";"          13";"           6";"           5";"           2";"1";"0";"1";"1";"1";"1";"1";"1";"        2390";"       13500";"         260";"         260";"         150";"         110";"           0";"           0";"          90";"          95";"          75";"          36";"           0";"          36";"         224";"           0";"           9";"          21";"          31";"          40";"          58";"          60";"          30";"          11";"         170";"           8";"          72";"           0";"           0";"          10";"         260";"           0";"           0"
"2023";"5208608";"Goianésia";"0";"3";"1";"2";"0";"0";"SECRETARIA DE ESTADO DA RETOMADA";"18499";"29929";"COLÉGIO TECNOLÓGICO DO ESTADO DE GOIÁS GOVERNADOR OTÁVIO LAG";"COTEC GOL";"Avenida Contorno - Quadra 8";"s/n";"-";"Setor Universitário";"76382003";"           3";"           0";"           0";"           0";"           0";"           0";"           0";"           3";"           0";"           0";"           0";"           0";"           0";"           0";"           0";"0";"0";"1";"0";"0";"1";"1";"0";"           0";"       15692";"           2";"           2";"           1";"           1";"           0";"           0";"           2";"           0";"           0";"           0";"           0";"           0";"           0";"           2";"           2";"           0";"           0";"           0";"           0";"           0";"           0";"           0";"           2";"           0";"           0";"           0";"           0";"           0";"           2";"           0";"           0"
